:year 2012

:section Demo
:pms-category demo
:description <p>Demos are programs that generate multimedia presentations in real time while the demo is running. This separates demos from animations, which are not limited with this real time constraint.</p><p>In Demo competition the only realistic limitation for the demo was the speed of a high-end 2012 PC computer.</p>
:ongoing true
:public false

author:Byterapers + Doomsday |pms-id:asm12/demo/482|title:Old is not Dead
author:tAAt 2012|pms-id:asm12/demo/626|title:tAAt 20v juhlasikermä - 20 yr jubilee potpourri
author:Department of Offense|pms-id:asm12/demo/633|title:Booger
author:cce and msqrt of Peisik|pms-id:asm12/demo/638|title:rushing into
author:Rustbloom|pms-id:asm12/demo/641|title:Kauai-i
author:Division|pms-id:asm12/demo/642|title:Hedron
author:Pyrotech|pms-id:asm12/demo/643|title:Escape
author:Hymy & Awind|pms-id:asm12/demo/644|title:Meteoroid
author:Zden, Raiden, Ubik, Pavuk, Sustrate|pms-id:asm12/demo/654|title:Metamorf II
author:adapt|pms-id:asm12/demo/656|title:born stars
author:Elude|pms-id:asm12/demo/657|title:Reboxer
author:cncd|pms-id:asm12/demo/658|title:spacecut


:section Real wild demo
:pms-category real_wild
:description <p>Demos are programs that generate multimedia presentations in real time while the demo is running. This separates demos from animations, which are not limited with this real time constraint.</p><p>In Real wild demo competition the demo platform can be anything that can run real time moving images, like mobile phones, oscilloscopes, browsers or even platforms that the competitor has built himself.</p>
:ongoing true

author:Bilotrip|pms-id:asm12/real_wild/403|title:Stalker|video-file:real-wild/1466_RealWild_Stalker_by_Bilotrip.mov|youtube:MLTyyi4TiTg
author:Kewlers|pms-id:asm12/real_wild/424|title:RRHOID|video-file:real-wild/1467_RealWild_RRHOID_by_Kewlers.mov|youtube:srb6sLkzCo4
author:The Royal Elite Ninjas Inc.|pms-id:asm12/real_wild/622|title:Bandits|video-file:real-wild/1468_RealWild_Bandits_by_The_Royal_Elite_Ninjas_Inc.mov|youtube:Mbc6-yP9SzE
author:npli|pms-id:asm12/real_wild/631|title:Rabbit Deployment Force|video-file:real-wild/1469_RealWild_Rabbit_Deployment_Force_by_npli.mov|youtube:ATz5ncUwgv4
author:Art: lroop, mdille3, scgruber, uG/bG Staff; Code: awesie, kbare, mdille3, mkasick, tylerni7; Hardware: kbare, lroop, mdille3; Music: coda, kbare, Rick Astley|pms-id:asm12/real_wild/634|title:Introducing the iLisa|video-file:real-wild/1470_RealWild_Introducing_the_iLisa_by_cmucc.mov|youtube:WUUnb1L8XNY
author:Wide Load and Ananasmurska|pms-id:asm12/real_wild/635|title:Night Falls|video-file:real-wild/1471_RealWild_Night_Falls_by_Wide_Load_and_Ananasmurska.mov|youtube:QKKCKMb2-ts
author:Hedelmae|pms-id:asm12/real_wild/640|title:Prime Number Minister|video-file:real-wild/1472_RealWild_Prime_Number_Minister_by_Hedelmae.mov|youtube:wjCWDKoKcu8
author:Resonance|pms-id:asm12/real_wild/649|title:dekaHertz|video-file:real-wild/1473_RealWild_dekaHertz_by_Resonance.mov|youtube:KEqzNokxWaI


:section 4k intro
:pms-category 4k_intro
:ongoing true
:public false

author:Blobtrox|pms-id:asm12/4k_intro/417|title:Fireflies|video-file:4k-intro/1476_4k_Fireflies_by_Blobtrox.mov|youtube:ianm_JL6ME4
author:lucid|pms-id:asm12/4k_intro/470|title:Battery Low|video-file:4k-intro/1477_4k_Battery_Low_by_lucid.mov|youtube:rqPckmxM6Eg
author:Peisik & Tarhatarha|pms-id:asm12/4k_intro/554|title:Hypatia|video-file:4k-intro/1478_4k_Hypatia_by_Peisik_Tarhatarha.mov|youtube:wwARfmjr5sA
author:XZM|pms-id:asm12/4k_intro/627|title:Confusphere|video-file:4k-intro/1479_4k_Confusphere_by_XZM.mov|youtube:nbN4b0cHkSI
author:Digimind & Silent|pms-id:asm12/4k_intro/628|title:Alien Station|video-file:4k-intro/1480_4k_Alien_Station_by_Digimind__Silent.mov|youtube:pG_lpibfegU
author:mfx|pms-id:asm12/4k_intro/632|title:Reionization|video-file:4k-intro/1481_4k_Reionization_by_mfx.mov|youtube:lry7-6fTjSQ
author:Fulcrum|pms-id:asm12/4k_intro/636|title:Finite Horizon Regret|video-file:4k-intro/1482_4k_Finite_Horizon_Regret_by_Fulcrum.mov|youtube:ltsbPfTvJbw
author:oo|pms-id:asm12/4k_intro/639|title:Black Patch|video-file:4k-intro/1483_4k_Black_Patch_by_oo.mov|youtube:tgDExLleF1s
author:adapt|pms-id:asm12/4k_intro/651|title:xperiment in a box|video-file:4k-intro/1484_4k_xperiment_in_a_box_by_adapt.mov|youtube:3wwoiBu2AYU
author:Saint Porn|pms-id:asm12/4k_intro/653|title:ES-pärinä on matka|video-file:4k-intro/1485_4k_ESparina_on_matka_by_Saint_Porn.mov|youtube:a7OxtxsmA28


:section 1k intro
:pms-category 1k_intro
:ongoing true

author:TDA|pms-id:asm12/1k_intro/407|title:Embers|video-file:1k-intro/1447_1k_Embers_by_TDA.mov|youtube:dgDlqC19kss
author:Itchi / Lonely Coders|pms-id:asm12/1k_intro/412|title:o|video-file:1k-intro/1448_1k_o_by_Itchi__Lonely_Coders.mov|youtube:6X84xzZ7TMo
author:Luminesce|pms-id:asm12/1k_intro/422|title:Braids|video-file:1k-intro/1449_1k_Braids_by_Luminesce.mov|youtube:i02gIx7FQac
author:npli|pms-id:asm12/1k_intro/429|title:Kilo makkaraa|video-file:1k-intro/1450_1k_Kilo_makkaraa_by_npli.mov|youtube:zL2WqvdzYfg
author:npli|pms-id:asm12/1k_intro/436|title:a kilo of missing earplugs|video-file:1k-intro/1451_1k_a_kilo_of_missing_earplugs_by_npli.mov|youtube:N6vl5yYBTM8
author:tArzAn / tAAt|pms-id:asm12/1k_intro/446|title:Synxiety Attack - Tahdistuskohtaus|video-file:1k-intro/1452_1k_Synxiety_Attack__Tahdistuskohtaus_by_tArzAn__tAAt.mov|youtube:FtRH_2lQTHc
author:Ajna|pms-id:asm12/1k_intro/453|title:Strange Aeons|video-file:1k-intro/1453_1k_Strange_Aeons_by_Ajna.mov|youtube:fwVV7_PVcGI
author:fsqrt + ye olde laptops posse|pms-id:asm12/1k_intro/454|title:harsh|video-file:1k-intro/1454_1k_harsh_by_fsqrt__ye_olde_laptops_posse.mov|youtube:YmRfbPPvYl4
author:XZM|pms-id:asm12/1k_intro/466|title:Sun Of Bac|video-file:1k-intro/1455_1k_Sun_Of_Bac_by_XZM.mov|youtube:md3gdgqGCh4
author:Shadikka|pms-id:asm12/1k_intro/468|title:<3 ASM|video-file:1k-intro/1456_1k_3_ASM_by_Shadikka.mov|youtube:f8Z47HqNAsU
author:Dzarg|pms-id:asm12/1k_intro/480|title:Daylight|video-file:1k-intro/1457_1k_Daylight_by_Dzarg.mov|youtube:txxylMtdscw
author:Digimind|pms-id:asm12/1k_intro/517|title:City by helicopter|video-file:1k-intro/1458_1k_City_by_helicopter_by_Digimind.mov|youtube:I2zqIfb4J5o
author:Spaceballs|pms-id:asm12/1k_intro/523|title:Copperophilia|video-file:1k-intro/1459_1k_Copperophilia_by_Spaceballs.mov|youtube:eoOKkxXGQLc
author:Yzi/Fit|pms-id:asm12/1k_intro/525|title:A View to a Grid|video-file:1k-intro/1460_1k_A_View_to_a_Grid_by_YziFit.mov|youtube:XOnk9a3FgWs
author:TBC|pms-id:asm12/1k_intro/528|title:Traceless|video-file:1k-intro/1461_1k_Traceless_by_TBC.mov|youtube:EDc0qmDrjtM
author:yolp|pms-id:asm12/1k_intro/548|title:planB|video-file:1k-intro/1462_1k_planB_by_yolp.mov|youtube:0DjVGCmc334
author:cce and msqrt of Peisik|pms-id:asm12/1k_intro/553|title:murimecco|video-file:1k-intro/1463_1k_murimecco_by_cce_and_msqrt_of_Peisik.mov|youtube:vjzkaQ5xOGI
author:Cenon|pms-id:asm12/1k_intro/566|title:K-Dur|video-file:1k-intro/1464_1k_KDur_by_Cenon.mov|youtube:hOlPzrQjnTQ
author:adapt|pms-id:asm12/1k_intro/608|title:splashin in the hills|video-file:1k-intro/1465_1k_splashin_in_the_hills_by_adapt.mov|youtube:f2EopGmptfk


:section Oldskool demo
:pms-category oldskool
:description <p>Demos are programs that generate multimedia presentations in real time while the demo is running and this separates demos from animations, which are not limited with this real time constraint.</p><p>Limitation for Oldskool demo competition is a predefined older hardware.</p>
:ongoing true

author:RNO|pms-id:asm12/oldskool/432|title:Protein|youtube:0MNa-BtD4VQ
author:Upstars|pms-id:asm12/oldskool/478|title:RECHARGER|video-file:oldskool-demo/1441_Oldskool_RECHARGER_by_Upstars.mov|youtube:yX_Dzsxlsl4
author:PWP|pms-id:asm12/oldskool/490|title:Conservative Megademo|video-file:oldskool-demo/1442_Oldskool_Conservative_Megademo_by_PWP.mov|youtube:OXoPpOXVrfc
author:Spaceballs|pms-id:asm12/oldskool/546|title:Vold|video-file:oldskool-demo/1443_Oldskool_Vold_by_Spaceballs.mov|youtube:dlBML4DDcQQ


:section Short film
:pms-category short_film
:description <p>In Short film competition videos can be produced with any method desired. They can be animations, home videos or anything that comes to mind.</p>
:ongoing true
:public false

author:BeastrickAnimations|pms-id:asm12/short_film/451|title:Asteroid Chase|video-file:short-film/1486_Shortfilm_Asteroid_Chase_by_BeastrickAnimations.mov|youtube:Yv3_ZMnvjNk
author:Pistoke|pms-id:asm12/short_film/456|title:The Animout|video-file:short-film/1487_Shortfilm_The_Animout_by_Pistoke.mov|youtube:4jxMwmnWprU
author:Team Mars Effect|pms-id:asm12/short_film/476|title:Mars Effect|video-file:short-film/1488_Shortfilm_Mars_Effect_by_Team_Mars_Effect.mov|youtube:45cj9yu8AqE
author:Datafox Studios|pms-id:asm12/short_film/630|title:Project Scene|video-file:short-film/1489_Shortfilm_Project_Scene_by_Datafox_Studios.mov|youtube:t7pYKMWw8NI
author:Damn Creepers|pms-id:asm12/short_film/637|title:I accidentally two Holy Grails - part II|video-file:short-film/1490_Shortfilm_I_accidentally_two_Holy_Grails__part_II_by_Damn_Creepers.mov|youtube:nn5i2KAXU_8
author:sba|pms-id:asm12/short_film/645|title:Hidas ja kiva paska|video-file:short-film/1491_Shortfilm_Hidas_ja_kiva_paska_by_sba.mov|youtube:ZZ813tBFLfg
author:SkyWay/Cylenth Vision|pms-id:asm12/short_film/647|title:D-Bot|video-file:short-film/1492_Shortfilm_DBot_by_SkyWayCylenth_Vision.mov|youtube:mPmln33FmpM
author:HBC|pms-id:asm12/short_film/655|title:HBC-00011: Blot|video-file:short-film/1493_Shortfilm_HBC00011_Blot_by_HBC.mov|youtube:r7DbPxWkpXw


:section Gamedev
:pms-category gamedev
:description <p>In Game development competition entries are playable games that are published before Assembly starts and also include a short gameplay video that is shown during the event.</p>
:ongoing true

author:Down Under|pms-id:asm12/gamedev/366|title:Bodgy Bee|youtube:sTCuxwzYePg
author:Mikko Pulkki|pms-id:asm12/gamedev/368|title:Corneroids|youtube:Pxk-hvuV0bQ
author:Delicious Construct|pms-id:asm12/gamedev/369|title:Golem Rumble!|youtube:r4wgiie-Lqo
author:Kajak Games|pms-id:asm12/gamedev/373|title:Soul Devour|youtube:gaFd2KTqVQw
author:Centria ammattikorkeakoulu|pms-id:asm12/gamedev/375|title:Steamdroid|youtube:b_ugB9-KlRY
author:Nice To Have Feature|pms-id:asm12/gamedev/378|title:Buccaneer Bombardment|youtube:-fnl2leEjQ4
author:Bluefox Games|pms-id:asm12/gamedev/379|title:Pyxenos|youtube:6uS77VJ17OE
author:Grit Studio|pms-id:asm12/gamedev/381|title:Pogostick Panda|youtube:Pw9s8LtJl54
author:KimmoS|pms-id:asm12/gamedev/382|title:Goldwingu|youtube:Lfemo1GTPBA
author:McBurrobit|pms-id:asm12/gamedev/384|title:MÄYRÄ|youtube:BLUPk8eholQ
author:tAAt 2012|pms-id:asm12/gamedev/385|title:K2|youtube:DwbLThYk6LM
author:Odios|pms-id:asm12/gamedev/386|title:Flou|youtube:5LwLXUpH0Gc
author:Kepuli Games|pms-id:asm12/gamedev/389|title:Force: Leashed|youtube:X_h2LU0omsU
author:Pizzalaatikko|pms-id:asm12/gamedev/390|title:SEKO|youtube:qiwfXJYlrAg
author:Matti Ruupunen|pms-id:asm12/gamedev/391|title:Gravite|youtube:gQb0In4Dy_s
author:Bombsquad|pms-id:asm12/gamedev/394|title:Lavalanche|youtube:LjzLHjVknKA


:section Graphics
:pms-category graphics
:description <p>In Graphics competition images may be created with any desired method about anything.</p>
:ongoing true
:public false

author:(author hidden until results)|image-file:graphics/000-stuck-in-life-408.png|pms-id:asm12/graphics/408|title:Stuck in Life
author:(author hidden until results)|image-file:graphics/000-sir-huomisaamu-409.png|pms-id:asm12/graphics/409|title:Sir Huomisaamu
author:(author hidden until results)|image-file:graphics/000-robox-says-hi-427.png|pms-id:asm12/graphics/427|title:Robox says hi
author:(author hidden until results)|image-file:graphics/000-lord-ember-s-spiced-wine-452.jpeg|pms-id:asm12/graphics/452|title:Lord Ember's Spiced Wine
author:(author hidden until results)|image-file:graphics/000-mocking-jay-463.png|pms-id:asm12/graphics/463|title:Mocking Jay
author:(author hidden until results)|image-file:graphics/000-a-wild-bunch-472.jpeg|pms-id:asm12/graphics/472|title:A Wild Bunch
author:(author hidden until results)|image-file:graphics/000-rabbit-deployment-force-495.jpeg|pms-id:asm12/graphics/495|title:Rabbit Deployment Force
author:(author hidden until results)|image-file:graphics/000-light-on-505.jpeg|pms-id:asm12/graphics/505|title:Light on
author:(author hidden until results)|image-file:graphics/000-time-for-your-own-thoughts-526.png|pms-id:asm12/graphics/526|title:Time for your own thoughts
author:(author hidden until results)|image-file:graphics/000-arrival-529.jpeg|pms-id:asm12/graphics/529|title:Arrival
author:(author hidden until results)|image-file:graphics/000-its-probably-going-to-rain-531.png|pms-id:asm12/graphics/531|title:Its probably going to rain
author:(author hidden until results)|image-file:graphics/000-dragon-outbreak-537.png|pms-id:asm12/graphics/537|title:Dragon Outbreak
author:(author hidden until results)|image-file:graphics/000-nuclear-smoking-541.png|pms-id:asm12/graphics/541|title:Nuclear Smoking
author:(author hidden until results)|image-file:graphics/000-a-dancer-to-tip-to-543.png|pms-id:asm12/graphics/543|title:A Dancer To Tip To
author:(author hidden until results)|image-file:graphics/000-six-against-one-is-unfair-555.png|pms-id:asm12/graphics/555|title:Six against one is unfair
author:(author hidden until results)|image-file:graphics/000-it-s-all-in-your-head-629.png|pms-id:asm12/graphics/629|title:It's all in your head


:section Fast graphics
:pms-category fast_graphics
:description <p>Competitors had 1.5 hours to create an image with the theme "Last minute".</p>
:ongoing true

author:(author hidden until results)|image-file:fast-graphics/000-562-colossal-detail.png|pms-id:asm12/fast_graphics/562|title:Colossal detail
author:(author hidden until results)|image-file:fast-graphics/000-564-wtf-moment.png|pms-id:asm12/fast_graphics/564|title:WTF-moment
author:(author hidden until results)|image-file:fast-graphics/000-565-mechanical-surgery.png|pms-id:asm12/fast_graphics/565|title:Mechanical Surgery
author:(author hidden until results)|image-file:fast-graphics/000-568-permanent-delivery-delay.png|pms-id:asm12/fast_graphics/568|title:Permanent Delivery Delay
author:(author hidden until results)|image-file:fast-graphics/000-570-eye-for-detail.png|pms-id:asm12/fast_graphics/570|title:Eye for Detail
author:(author hidden until results)|image-file:fast-graphics/000-578-suction.png|pms-id:asm12/fast_graphics/578|title:Suction
author:(author hidden until -file:fast-graphics/000-580-paint-me-like-your-french-girls.png|pms-id:asm12/fast_graphics/580|title:Paint me like your french girls
author:(author hidden until results)|image-file:fast-graphics/000-581-extreme-interpolation.png|pms-id:asm12/fast_graphics/581|title:Extreme interpolation
author:(author hidden until results)|image-file:fast-graphics/000-583-solar-magna.png|pms-id:asm12/fast_graphics/583|title:Solar Magna
author:(author hidden until results)|image-file:fast-graphics/000-584-a-moose-in-the-sunset.png|pms-id:asm12/fast_graphics/584|title:A moose in the sunset
author:(author hidden until results)|image-file:fast-graphics/000-589-faces.png|pms-id:asm12/fast_graphics/589|title:Faces
author:(author hidden until results)|image-file:fast-graphics/000-598-scene-phone.png|pms-id:asm12/fast_graphics/598|title:Scene Phone
author:(author hidden until results)|image-file:fast-graphics/000-599-modern-day-princess.png|pms-id:asm12/fast_graphics/599|title:Modern day princess
author:(author hidden until results)|image-file:fast-graphics/000-600-too-much-thinking.png|pms-id:asm12/fast_graphics/600|title:Too much thinking
author:(author hidden until results)|image-file:fast-graphics/000-601-exhausted.png|pms-id:asm12/fast_graphics/601|title:Exhausted
author:(author hidden until results)|image-file:fast-graphics/000-604-henry-harkonen.png|pms-id:asm12/fast_graphics/604|title:Henry Härkönen
author:(author hidden until results)|image-file:fast-graphics/000-605-kittycat.png|pms-id:asm12/fast_graphics/605|title:Kittycat
author:(author hidden until results)|image-file:fast-graphics/000-606-realism-isn-t-always-superior.png|pms-id:asm12/fast_graphics/606|title:Realism isn't always superior
author:(author hidden until results)|image-file:fast-graphics/000-609-fancy-armor.png|pms-id:asm12/fast_graphics/609|title:Fancy Armor
author:(author hidden until results)|image-file:fast-graphics/000-611-i-am-in-the-details.png|pms-id:asm12/fast_graphics/611|title:I am in the Details
author:(author hidden until results)|image-file:fast-graphics/000-614-splat.png|pms-id:asm12/fast_graphics/614|title:Splat
author:(author hidden until results)|image-file:fast-graphics/000-618-i-am-not-on-drugs.png|pms-id:asm12/fast_graphics/618|title:I am not on drugs


:section Dance music
:pms-category dance_music
:ongoing true

author:(author hidden until results)|pms-id:asm12/dance_music/406|title:Syyhyävä tanssijalka|video-file:dance-music/000-syyhyava-tanssijalka-406.mp3.avi|youtube:tcLZWMCPk8s
author:(author hidden until results)|pms-id:asm12/dance_music/416|title:Electrified|video-file:dance-music/000-electrified-416.mp3.avi|youtube:tIYTrR0prP8
author:(author hidden until results)|pms-id:asm12/dance_music/425|title:Autumn|video-file:dance-music/000-autumn-425.mp3.avi|youtube:HFBdyH7b7iQ
author:(author hidden until results)|pms-id:asm12/dance_music/438|title: I'm Not Saying It Was Aliens But Dude, It Was Aliens|video-file:dance-music/000-i-m-not-saying-it-was-aliens-but-dude-it-was-aliens-438.mp3.avi|youtube:sfTjfEAirNc
author:(author hidden until results)|pms-id:asm12/dance_music/441|title:Equilibrium|video-file:dance-music/000-equilibrium-441.mp3.avi|youtube:wQBuP96GnIY
author:(author hidden until results)|pms-id:asm12/dance_music/444|title:Lovestream|video-file:dance-music/000-lovestream-444.mp3.avi|youtube:we6Kagpjz_c
author:(author hidden until results)|pms-id:asm12/dance_music/447|title:by by|video-file:dance-music/000-by-by-447.mp3.avi|youtube:zivoEQYvv8o
author:(author hidden until results)|pms-id:asm12/dance_music/461|title:Shake it with NES|video-file:dance-music/000-shake-it-with-nes-461.mp3.avi|youtube:Q60JrtQVF54
author:(author hidden until results)|pms-id:asm12/dance_music/465|title:Space Age|video-file:dance-music/000-space-age-465.mp3.avi|youtube:F5wDZubzwQk
author:(author hidden until results)|pms-id:asm12/dance_music/535|title:Grandpa's Humppa Riot|video-file:dance-music/000-grandpa-s-humppa-riot-535.mp3.avi|youtube:aK_enW_-Zxk
author:(author hidden until results)|pms-id:asm12/dance_music/539|title:Free|video-file:dance-music/000-free-539.mp3.avi|youtube:nhu3icYVzOs
author:(author hidden until results)|pms-id:asm12/dance_music/569|title:haveanicewdance|video-file:dance-music/000-haveanicewdance-569.mp3.avi|youtube:U15pkmJh5f4
author:(author hidden until results)|pms-id:asm12/dance_music/623|title:L'historie De La Vie|video-file:dance-music/000-l-historie-de-la-vie-623.mp3.avi|youtube:aMrBA_zQPpY


:section Listening music
:pms-category listening_music
:ongoing true

author:(author hidden until results)|pms-id:asm12/listening_music/400|title:Kiss of Judas|video-file:listening-music/000-kiss-of-judas-400.mp3.avi|youtube:PrmkhjrPPVE
author:(author hidden until results)|pms-id:asm12/listening_music/402|title:Take me to Hell|video-file:listening-music/000-take-me-to-hell-402.mp3.avi|youtube:nf3NCVrUvSI
author:(author hidden until results)|pms-id:asm12/listening_music/404|title:Turn off the Guages|video-file:listening-music/000-turn-off-the-guages-404.mp3.avi|youtube:L7_fQqw7LqY
author:(author hidden until results)|pms-id:asm12/listening_music/405|title:Strangers With My face|video-file:listening-music/000-strangers-with-my-face-405.mp3.avi|youtube:nUrYjpauu5E
author:(author hidden until results)|pms-id:asm12/listening_music/430|title:Final Level|video-file:listening-music/000-final-level-430.mp3.avi|youtube:rOGRpHLw5-c
author:(author hidden until results)|pms-id:asm12/listening_music/439|title:Exhiliration|video-file:listening-music/000-exhiliration-439.mp3.avi|youtube:JnSYSSgpUig
author:(author hidden until results)|pms-id:asm12/listening_music/469|title:Just Words|video-file:listening-music/000-just-words-469.mp3.avi|youtube:7NteVlPAVtM
author:(author hidden until results)|pms-id:asm12/listening_music/533|title:To Pirate in Good Spirits|video-file:listening-music/000-to-pirate-in-good-spirits-533.mp3.avi|youtube:bjNX6-D_5E4
author:(author hidden until results)|pms-id:asm12/listening_music/534|title:The Knights Who Complete Quests Incredibly Quickly|video-file:listening-music/000-the-knights-who-complete-quests-incredibly-quickly-534.mp3.avi|youtube:dL9ynilTs6w
author:(author hidden until results)|pms-id:asm12/listening_music/550|title:the evolution|video-file:listening-music/000-the-evolution-550.mp3.avi|youtube:rGvziFpEVOo
author:(author hidden until results)|pms-id:asm12/listening_music/556|title:New York City Ninja Cowboys|video-file:listening-music/000-new-york-city-ninja-cowboys-556.mp3.avi|youtube:lh5N1mGK0h8
author:(author hidden until results)|pms-id:asm12/listening_music/560|title:Alloy Lantern Stage|video-file:listening-music/000-alloy-lantern-stage-560.mp3.avi|youtube:26lAEfMO_z8
author:(author hidden until results)|pms-id:asm12/listening_music/577|title:That's (cons)piracy|video-file:listening-music/000-that-s-cons-piracy-577.mp3.avi|youtube:M6L9gMQJyh0


:section Fast music
:pms-category fast_music
:description <p>Competitors had 1.5 hours to create a song that includes clearly distinguishable predefined chords in its main part. Otherwise music could be created with any tools desired.</p>
:ongoing true

author:(author hidden until results)|pms-id:asm12/fast_music/483|title:Ysäri never dies|video-file:fast-music/000-483-ysari-never-dies.mp3.avi|youtube:zhEiVz-aPCw
author:(author hidden until results)|pms-id:asm12/fast_music/485|title:Perunan tavallinen taival|video-file:fast-music/000-485-perunan-tavallinen-taival.mp3.avi|youtube:k7TlKfbD7Vo
author:(author hidden until results)|pms-id:asm12/fast_music/486|title:James Blonde|video-file:fast-music/000-486-james-blonde.mp3.avi|youtube:SdJlt3sf2kE
author:(author hidden until results)|pms-id:asm12/fast_music/491|title:Techdroid|video-file:fast-music/000-491-techdroid.mp3.avi|youtube:tfihOkPKhxs
author:(author hidden until results)|pms-id:asm12/fast_music/497|title:Heroes of Never|video-file:fast-music/000-497-heroes-of-never.mp3.avi|youtube:XBlq-mBzLOE
author:(author hidden until results)|pms-id:asm12/fast_music/498|title:The Dragons Arrive to Rock !|video-file:fast-music/000-498-the-dragons-arrive-to-rock.mp3.avi|youtube:PFhb3GHEaSw
author:(author hidden until results)|pms-id:asm12/fast_music/499|title:Coconut Dreams|video-file:fast-music/000-499-coconut-dreams.mp3.avi|youtube:l-DPegjF6Ec
author:(author hidden until results)|pms-id:asm12/fast_music/501|title:Hungry Birds|video-file:fast-music/000-501-hungry-birds.mp3.avi|youtube:Rlcah6yNgd4
author:(author hidden until results)|pms-id:asm12/fast_music/502|title:Miekkasepon Hymni|video-file:fast-music/000-502-miekkasepon-hymni.mp3.avi|youtube:_oAaFdsQlLI
author:(author hidden until results)|pms-id:asm12/fast_music/506|title:confusion|video-file:fast-music/000-506-confusion.mp3.avi|youtube:2sv-98usjW0
author:(author hidden until results)|pms-id:asm12/fast_music/507|title:Coma|video-file:fast-music/000-507-coma.mp3.avi|youtube:ANlNk3dGd-E
author:(author hidden until results)|pms-id:asm12/fast_music/509|title:Morning Comes|video-file:fast-music/000-509-morning-comes.mp3.avi|youtube:NeQnHQ6OF1U
author:(author hidden until results)|pms-id:asm12/fast_music/510|title:Daedalus|video-file:fast-music/000-510-daedalus.mp3.avi|youtube:8AzBT31-Pog
author:(author hidden until results)|pms-id:asm12/fast_music/511|title:Left Hand Reggae|video-file:fast-music/000-511-left-hand-reggae.mp3.avi|youtube:xpgPEiVitTI
author:(author hidden until results)|pms-id:asm12/fast_music/512|title:Fast Funkzorz|video-file:fast-music/000-512-fast-funkzorz.mp3.avi|youtube:1VQFslNNHQY
author:(author hidden until results)|pms-id:asm12/fast_music/513|title:Decade After|video-file:fast-music/000-513-decade-after.mp3.avi|youtube:AR0QZIq-Zig
author:(author hidden until results)|pms-id:asm12/fast_music/516|title:I was deaf to my music|video-file:fast-music/000-516-i-was-deaf-to-my-music.mp3.avi|youtube:DwXRHMAV6ZI
author:(author hidden until results)|pms-id:asm12/fast_music/519|title:Funny Guy!|video-file:fast-music/000-519-funny-guy.mp3.avi|youtube:ifMTs-4FBRE
author:(author hidden until results)|pms-id:asm12/fast_music/524|title:Aoe - Mattu pese tuulilasi|video-file:fast-music/000-524-aoe-mattu-pese-tuulilasi.mp3.avi|youtube:iCpD5F12TYQ


:section Seminars

author:Henry Brade|title:Bitcoin - the future of money|video-file:seminars/1351_Bitcoin-The_future_of_money.mp4|youtube:EKrfZt3CGN0
author:Jenni Saarinen|title:Digital painting, agile concepting for games|video-file:seminars/1352_Digital_painting_-_Agile_concepting_for_games.mp4|youtube:27RdsLBCZL4
author:Russ Morris|title:Mobile development in Unity - what you need to know|video-file:seminars/1353_Mobile_development_in_Unity.mp4|youtube:vnF9YEm_pxk
author:Jouni Mannonen|title:Four successes in a row can't be a coincidence - secrets of Mountain Sheep|video-file:seminars/1354_Secrets_of_Mountain_Sheep.mp4|youtube:-RF_kGeR5WI
author:Aki Koskinen|title:Cross-platform mobile game development with Proton SDK|video-file:seminars/1355_Cross-platform_mobile_game_development_with_Proton_SDK.mp4|youtube:nnZft_li9oM
author:Tapio Nurminen|title:Tangible Metrics through Data Visualization|video-file:seminars/1356_Tangible_metrics.mp4|youtube:rSHuSMDSpbE
author:Petra Pälmä|title:Ideation – making you brain work in new ways|video-file:seminars/1357_Ideation.mp4|youtube:rlFqkIa0zmM
author:Tuomo Tammenpää|title:Playful prototyping, the stories of failing for fun|video-file:seminars/1358_Playful_prototyping.mp4|youtube:tCF3tz1FJ-s
author:Peter Smets|title:So you want to build an arcade cabinet|video-file:seminars/1359_Arcade_cabinet.mp4|youtube:-zIhPV0F_B4
author:Pyry Lehdonvirta|title:No, HTML5 does not mean Rich Web. HTML5 is an Application Platform for the Ubiquitous Computing Era|video-file:seminars/1360_HTML5_game_development.mp4|youtube:tVpCF-kAUMg
author:Tom Krcha|title:Adobe gaming solutions|video-file:seminars/1361_Adobe_gaming_solutions.mp4|youtube:DruPGkFK6u8
author:Kalle Kaivola|title:Amazing Alex: The journey from a two-man indie game to a worldwide success|video-file:seminars/1362_Amazing_alex.mp4|youtube:rWWKbK8U75s
author:Olli Harjola|title:Good tool / bad master: tech and game design|video-file:seminars/1363_Good_tool_-_Bad_master.mp4|youtube:tNTxiLfnh1E
author:Matt Swoboda|title:Advanced visual effects with DirectX 11|video-file:seminars/1364_Amazing_visual_effects_with_DirectX_11.mp4|youtube:2MzSmdC49Ns
author:Maarten Boon, Luc Schurgers, Dan Lewis|title:Making demos for advertising and creative industries|video-file:seminars/1365_Making_demos_for_advertising.mp4|youtube:LegtIPNVN_Y
author:Bent Stamnes, Anders Lassen|title:Real-Time Graphics Everywhere (and fast) with Uno|video-file:seminars/1366_Realtime_graphics_everywhere_with_Uno.mp4|youtube:THfgkQCjqag
author:Antti Hätälä|title:Occlusion culling for the next generation|video-file:seminars/1367_Occlusion_culling_for_the_next_generation.mp4|youtube:9YA1w2E01BY
author:Julie Heyde, Tim Garbos|title:Unicorn7.org - The next step for gamejam games
author:Emilia Hjelm, Arto Vihavainen, Jouko Strömmer|title:Powerful ideas - how (and why) to empower younger generations to become digital creators
author:Pekka Salokannel|title:Make real products in your browser with Tinkercad and 3D printing
author:Alpo Oksanharju, Mikko Kallinen|title:Why build an entirely new game engine for indie game RESET?
author:Antti Ylimutka, Mikko Kuusi|title:Getting Started - hosted by Startup Sauna
author:Annakaisa Kultima|title:Panel: Game Jamming and social programming
author:Eemu Bertling|title:Robosota


:section AssemblyTV
:description <p>Assembly has its own TV channel that is broadcast during the event. This section includes clips that AssemblyTV has created.</p>



:section Winter
:youtube-playlist 5C093FFF2C33B46A
:description <p>Assembly has its own TV channel that is broadcast during the event. This section includes clips that AssemblyTV has created in Assembly Winter 2012.</p>

author:AssemblyTV|media:/vod/2012/winter/Perjantain_tunnelmia.mp4|title:Organizer-haastattelu|youtube:5P83V5UuwEY
author:AssemblyTV|media:/vod/2012/winter/DOOM_CAM.mp4|title:Doom Cam|youtube:jvFFpqhM4S0
author:AssemblyTV|media:/vod/2012/winter/Organizer-haastattelu.mp4|title:Perjantain tunnelmia|youtube:rpv9BlQOcGs
author:AssemblyTV|media:/vod/2012/winter/Kavijahaastattelu.mp4|title:Kävijähaastattelu|youtube:b1rfd6-Q1mc
author:AssemblyTV|media:/vod/2012/winter/DOOM_CAM_2.mp4|title:DOOM CAM 2|youtube:LCvHLdZ0Ohc
author:AssemblyTV|media:/vod/2012/winter/Martin_the_Masseur.mp4|title:Martin the Masseur|youtube:GYW5FPR83zY
author:AssemblyTV|media:/vod/2012/winter/Dance_Tricks.mp4|title:Dance Tricks|youtube:wMT8EWUwS8k
author:AssemblyTV|media:/vod/2012/winter/The_Art_of_E-Sport.mp4|title:The Art of E-Sport|youtube:IJFtKnEYvGM
author:AssemblyTV|media:/vod/2012/winter/Miksi_Starcraft_on_niin_hyva_peli.mp4|title:Miksi Starcraft on niin hyvä peli?|youtube:ynZfXJv_gtU
author:AssemblyTV|media:/vod/2012/winter/Timelapse.mp4|title:Time Lapse|youtube:yws8tPtx27c


:section Misc

author:Ate Bit|description:Assembly Summer 2012 PC invitation intro.|download:http://media.assembly.org/summer12/atebit_asm2012invitro.zip|pouet:59454|title:PC invtro|youtube:hNvfRJORjck
author:Dekadence and Extend|description:Commodore 64 invitation intro.|download:http://media.assembly.org/summer12/asm12inv-c64.zip|title:Commodore 64 invtro|youtube:7Hwsbn49dcQ
author:ASSEMBLY Labs|description:Mitä tapahtuu Mignon munalle kun se keitetään? Räjähtääkö se? Valuuko suklaa pois kokonaan munasta? Onko tilanne vaarallinen? ASSEMBLY labs testasi asian koekeittiössään.|title:ASSEMBLY Labs: Mignon munan keittotesti|youtube:7t5KQLbQ0bw
author:FIGMA ry|description:FIGMA ry julkisti kolme vuotta sitten suomalaisen pelialan kunniamaininnan, Peliluolan. Peliluolaan kutsuttiin tänä vuonna Assembly-demotapahtuman isät Pekka Aakko ja Jussi Laakkonen. He ovat väsymättömällä työllään koonneet vuosittain pelaajat ja pelintekijät huikeaan tapahtumaan jo peräti 20 vuoden ajan.</p><p>Aikaisempina vuosina Peliluolaan kutsutut ovat Vesa Artman, Petri Lehmuskoski, Tuija Lindén, Sauli Numminen, Thomas Puha ja Ilari Kuittinen.|tags:Mignon ASSEMBLY-Labs|title:FIGMA Finnish Game Awards - peliluola "Hall of Fame" 2012|youtube:HCbDV7VnxCE


:section Photos winter

author:Santtu Pajukanta|galleriafi:/kuvat/Assembly Winter 2012/Santtu Pajukanta/IMG_0322.jpg|title:IMG_0322.jpg
author:Santtu Pajukanta|galleriafi:/kuvat/Assembly Winter 2012/Santtu Pajukanta/IMG_0332.jpg|title:IMG_0332.jpg
author:Santtu Pajukanta|galleriafi:/kuvat/Assembly Winter 2012/Santtu Pajukanta/IMG_0333.jpg|title:IMG_0333.jpg
author:Santtu Pajukanta|galleriafi:/kuvat/Assembly Winter 2012/Santtu Pajukanta/IMG_0342.jpg|title:IMG_0342.jpg
author:Santtu Pajukanta|galleriafi:/kuvat/Assembly Winter 2012/Santtu Pajukanta/IMG_0351.jpg|title:IMG_0351.jpg
author:Santtu Pajukanta|galleriafi:/kuvat/Assembly Winter 2012/Santtu Pajukanta/IMG_0361.jpg|title:IMG_0361.jpg
author:Santtu Pajukanta|galleriafi:/kuvat/Assembly Winter 2012/Santtu Pajukanta/IMG_0368.jpg|title:IMG_0368.jpg
author:Santtu Pajukanta|galleriafi:/kuvat/Assembly Winter 2012/Santtu Pajukanta/IMG_0372.jpg|title:IMG_0372.jpg
author:Santtu Pajukanta|galleriafi:/kuvat/Assembly Winter 2012/Santtu Pajukanta/IMG_0377.jpg|title:IMG_0377.jpg
author:Santtu Pajukanta|galleriafi:/kuvat/Assembly Winter 2012/Santtu Pajukanta/IMG_0382.jpg|title:IMG_0382.jpg
author:Santtu Pajukanta|galleriafi:/kuvat/Assembly Winter 2012/Santtu Pajukanta/IMG_0383.jpg|title:IMG_0383.jpg
author:Santtu Pajukanta|galleriafi:/kuvat/Assembly Winter 2012/Santtu Pajukanta/IMG_0389.jpg|title:IMG_0389.jpg
author:Santtu Pajukanta|galleriafi:/kuvat/Assembly Winter 2012/Santtu Pajukanta/IMG_0400.jpg|title:IMG_0400.jpg
author:Santtu Pajukanta|galleriafi:/kuvat/Assembly Winter 2012/Santtu Pajukanta/IMG_0402.jpg|title:IMG_0402.jpg
author:Santtu Pajukanta|galleriafi:/kuvat/Assembly Winter 2012/Santtu Pajukanta/IMG_0413.jpg|title:IMG_0413.jpg
author:Santtu Pajukanta|galleriafi:/kuvat/Assembly Winter 2012/Santtu Pajukanta/IMG_0417.jpg|title:IMG_0417.jpg
author:Santtu Pajukanta|galleriafi:/kuvat/Assembly Winter 2012/Santtu Pajukanta/IMG_0423.jpg|title:IMG_0423.jpg
author:Santtu Pajukanta|galleriafi:/kuvat/Assembly Winter 2012/Santtu Pajukanta/IMG_0426.jpg|title:IMG_0426.jpg
author:Santtu Pajukanta|galleriafi:/kuvat/Assembly Winter 2012/Santtu Pajukanta/IMG_0436.jpg|title:IMG_0436.jpg
author:Santtu Pajukanta|galleriafi:/kuvat/Assembly Winter 2012/Santtu Pajukanta/IMG_0442.jpg|title:IMG_0442.jpg
author:Santtu Pajukanta|galleriafi:/kuvat/Assembly Winter 2012/Santtu Pajukanta/IMG_0445.jpg|title:IMG_0445.jpg
author:Santtu Pajukanta|galleriafi:/kuvat/Assembly Winter 2012/Santtu Pajukanta/IMG_0455.jpg|title:IMG_0455.jpg
author:Santtu Pajukanta|galleriafi:/kuvat/Assembly Winter 2012/Santtu Pajukanta/IMG_0460.jpg|title:IMG_0460.jpg
author:Santtu Pajukanta|galleriafi:/kuvat/Assembly Winter 2012/Santtu Pajukanta/IMG_0493.jpg|title:IMG_0493.jpg
author:Santtu Pajukanta|galleriafi:/kuvat/Assembly Winter 2012/Santtu Pajukanta/IMG_0496.jpg|title:IMG_0496.jpg
author:Santtu Pajukanta|galleriafi:/kuvat/Assembly Winter 2012/Santtu Pajukanta/IMG_0529.jpg|title:IMG_0529.jpg
author:Santtu Pajukanta|galleriafi:/kuvat/Assembly Winter 2012/Santtu Pajukanta/IMG_0532.jpg|title:IMG_0532.jpg
author:Santtu Pajukanta|galleriafi:/kuvat/Assembly Winter 2012/Santtu Pajukanta/IMG_0542.jpg|title:IMG_0542.jpg
author:Santtu Pajukanta|galleriafi:/kuvat/Assembly Winter 2012/Santtu Pajukanta/IMG_0547.jpg|title:IMG_0547.jpg
author:Santtu Pajukanta|galleriafi:/kuvat/Assembly Winter 2012/Santtu Pajukanta/IMG_0552.jpg|title:IMG_0552.jpg
author:Santtu Pajukanta|galleriafi:/kuvat/Assembly Winter 2012/Santtu Pajukanta/IMG_0554.jpg|title:IMG_0554.jpg
author:Santtu Pajukanta|galleriafi:/kuvat/Assembly Winter 2012/Santtu Pajukanta/IMG_0555.jpg|title:IMG_0555.jpg
author:Santtu Pajukanta|galleriafi:/kuvat/Assembly Winter 2012/Santtu Pajukanta/IMG_0558.jpg|title:IMG_0558.jpg
author:Santtu Pajukanta|galleriafi:/kuvat/Assembly Winter 2012/Santtu Pajukanta/IMG_0560.jpg|title:IMG_0560.jpg
author:Santtu Pajukanta|galleriafi:/kuvat/Assembly Winter 2012/Santtu Pajukanta/IMG_0567.jpg|title:IMG_0567.jpg
author:Santtu Pajukanta|galleriafi:/kuvat/Assembly Winter 2012/Santtu Pajukanta/IMG_0568.jpg|title:IMG_0568.jpg
author:Santtu Pajukanta|galleriafi:/kuvat/Assembly Winter 2012/Santtu Pajukanta/IMG_0570.jpg|title:IMG_0570.jpg
author:Santtu Pajukanta|galleriafi:/kuvat/Assembly Winter 2012/Santtu Pajukanta/IMG_0584.jpg|title:IMG_0584.jpg
author:Santtu Pajukanta|galleriafi:/kuvat/Assembly Winter 2012/Santtu Pajukanta/IMG_0587.jpg|title:IMG_0587.jpg
author:Santtu Pajukanta|galleriafi:/kuvat/Assembly Winter 2012/Santtu Pajukanta/IMG_0594.jpg|title:IMG_0594.jpg
author:Santtu Pajukanta|galleriafi:/kuvat/Assembly Winter 2012/Santtu Pajukanta/IMG_0614.jpg|title:IMG_0614.jpg
author:Santtu Pajukanta|galleriafi:/kuvat/Assembly Winter 2012/Santtu Pajukanta/IMG_0619.jpg|title:IMG_0619.jpg
author:Santtu Pajukanta|galleriafi:/kuvat/Assembly Winter 2012/Santtu Pajukanta/IMG_0629.jpg|title:IMG_0629.jpg
author:Santtu Pajukanta|galleriafi:/kuvat/Assembly Winter 2012/Santtu Pajukanta/IMG_0633.jpg|title:IMG_0633.jpg
author:Santtu Pajukanta|galleriafi:/kuvat/Assembly Winter 2012/Santtu Pajukanta/IMG_0635.jpg|title:IMG_0635.jpg
author:Santtu Pajukanta|galleriafi:/kuvat/Assembly Winter 2012/Santtu Pajukanta/IMG_0639.jpg|title:IMG_0639.jpg
author:Santtu Pajukanta|galleriafi:/kuvat/Assembly Winter 2012/Santtu Pajukanta/IMG_0664.jpg|title:IMG_0664.jpg
author:Santtu Pajukanta|galleriafi:/kuvat/Assembly Winter 2012/Santtu Pajukanta/IMG_0679.jpg|title:IMG_0679.jpg
author:Santtu Pajukanta|galleriafi:/kuvat/Assembly Winter 2012/Santtu Pajukanta/IMG_0688.jpg|title:IMG_0688.jpg
author:Santtu Pajukanta|galleriafi:/kuvat/Assembly Winter 2012/Santtu Pajukanta/IMG_0693.jpg|title:IMG_0693.jpg
author:Santtu Pajukanta|galleriafi:/kuvat/Assembly Winter 2012/Santtu Pajukanta/IMG_0696.jpg|title:IMG_0696.jpg
author:Santtu Pajukanta|galleriafi:/kuvat/Assembly Winter 2012/Santtu Pajukanta/IMG_0709.jpg|title:IMG_0709.jpg
author:Santtu Pajukanta|galleriafi:/kuvat/Assembly Winter 2012/Santtu Pajukanta/IMG_0710.jpg|title:IMG_0710.jpg
author:Santtu Pajukanta|galleriafi:/kuvat/Assembly Winter 2012/Santtu Pajukanta/IMG_0736.jpg|title:IMG_0736.jpg
author:Santtu Pajukanta|galleriafi:/kuvat/Assembly Winter 2012/Santtu Pajukanta/IMG_0759.jpg|title:IMG_0759.jpg
author:Santtu Pajukanta|galleriafi:/kuvat/Assembly Winter 2012/Santtu Pajukanta/IMG_0760.jpg|title:IMG_0760.jpg
author:Santtu Pajukanta|galleriafi:/kuvat/Assembly Winter 2012/Santtu Pajukanta/IMG_0773.jpg|title:IMG_0773.jpg
author:Santtu Pajukanta|galleriafi:/kuvat/Assembly Winter 2012/Santtu Pajukanta/IMG_0784.jpg|title:IMG_0784.jpg
author:Santtu Pajukanta|galleriafi:/kuvat/Assembly Winter 2012/Santtu Pajukanta/IMG_0785.jpg|title:IMG_0785.jpg
author:Santtu Pajukanta|galleriafi:/kuvat/Assembly Winter 2012/Santtu Pajukanta/IMG_0808.jpg|title:IMG_0808.jpg
author:Santtu Pajukanta|galleriafi:/kuvat/Assembly Winter 2012/Santtu Pajukanta/IMG_0810.jpg|title:IMG_0810.jpg
author:Santtu Pajukanta|galleriafi:/kuvat/Assembly Winter 2012/Santtu Pajukanta/IMG_0814.jpg|title:IMG_0814.jpg
author:Santtu Pajukanta|galleriafi:/kuvat/Assembly Winter 2012/Santtu Pajukanta/IMG_0843.jpg|title:IMG_0843.jpg
author:Santtu Pajukanta|galleriafi:/kuvat/Assembly Winter 2012/Santtu Pajukanta/IMG_0845.jpg|title:IMG_0845.jpg
author:Santtu Pajukanta|galleriafi:/kuvat/Assembly Winter 2012/Santtu Pajukanta/IMG_0849.jpg|title:IMG_0849.jpg
author:Santtu Pajukanta|galleriafi:/kuvat/Assembly Winter 2012/Santtu Pajukanta/IMG_0868.jpg|title:IMG_0868.jpg
author:Santtu Pajukanta|galleriafi:/kuvat/Assembly Winter 2012/Santtu Pajukanta/IMG_0879.jpg|title:IMG_0879.jpg
author:Santtu Pajukanta|galleriafi:/kuvat/Assembly Winter 2012/Santtu Pajukanta/IMG_0885.jpg|title:IMG_0885.jpg
author:Santtu Pajukanta|galleriafi:/kuvat/Assembly Winter 2012/Santtu Pajukanta/IMG_0906.jpg|title:IMG_0906.jpg
author:Santtu Pajukanta|galleriafi:/kuvat/Assembly Winter 2012/Santtu Pajukanta/IMG_0917.jpg|title:IMG_0917.jpg
author:Santtu Pajukanta|galleriafi:/kuvat/Assembly Winter 2012/Santtu Pajukanta/IMG_0931.jpg|title:IMG_0931.jpg
author:Santtu Pajukanta|galleriafi:/kuvat/Assembly Winter 2012/Santtu Pajukanta/IMG_0932.jpg|title:IMG_0932.jpg
author:Santtu Pajukanta|galleriafi:/kuvat/Assembly Winter 2012/Santtu Pajukanta/IMG_0940.jpg|title:IMG_0940.jpg
author:Santtu Pajukanta|galleriafi:/kuvat/Assembly Winter 2012/Santtu Pajukanta/IMG_0945.jpg|title:IMG_0945.jpg
author:Santtu Pajukanta|galleriafi:/kuvat/Assembly Winter 2012/Santtu Pajukanta/IMG_0958.jpg|title:IMG_0958.jpg
author:Santtu Pajukanta|galleriafi:/kuvat/Assembly Winter 2012/Santtu Pajukanta/IMG_0963.jpg|title:IMG_0963.jpg
author:Santtu Pajukanta|galleriafi:/kuvat/Assembly Winter 2012/Santtu Pajukanta/IMG_0966.jpg|title:IMG_0966.jpg
author:Santtu Pajukanta|galleriafi:/kuvat/Assembly Winter 2012/Santtu Pajukanta/IMG_0971.jpg|title:IMG_0971.jpg
author:Santtu Pajukanta|galleriafi:/kuvat/Assembly Winter 2012/Santtu Pajukanta/IMG_0979.jpg|title:IMG_0979.jpg
author:Santtu Pajukanta|galleriafi:/kuvat/Assembly Winter 2012/Santtu Pajukanta/IMG_0985.jpg|title:IMG_0985.jpg
author:Santtu Pajukanta|galleriafi:/kuvat/Assembly Winter 2012/Santtu Pajukanta/IMG_0988.jpg|title:IMG_0988.jpg
author:Santtu Pajukanta|galleriafi:/kuvat/Assembly Winter 2012/Santtu Pajukanta/IMG_0996.jpg|title:IMG_0996.jpg
author:Tuomas Siitonen|galleriafi:/kuvat/Assembly Winter 2012/Tuomas Siitonen/_MG_2888.jpg|title:_MG_2888.jpg
author:Tuomas Siitonen|galleriafi:/kuvat/Assembly Winter 2012/Tuomas Siitonen/_MG_2890.jpg|title:_MG_2890.jpg
author:Tuomas Siitonen|galleriafi:/kuvat/Assembly Winter 2012/Tuomas Siitonen/_MG_2893.jpg|title:_MG_2893.jpg
author:Tuomas Siitonen|galleriafi:/kuvat/Assembly Winter 2012/Tuomas Siitonen/_MG_2902.jpg|title:_MG_2902.jpg
author:Tuomas Siitonen|galleriafi:/kuvat/Assembly Winter 2012/Tuomas Siitonen/_MG_2904.jpg|title:_MG_2904.jpg
author:Tuomas Siitonen|galleriafi:/kuvat/Assembly Winter 2012/Tuomas Siitonen/_MG_2905.jpg|title:_MG_2905.jpg
author:Tuomas Siitonen|galleriafi:/kuvat/Assembly Winter 2012/Tuomas Siitonen/_MG_2913.jpg|title:_MG_2913.jpg
author:Tuomas Siitonen|galleriafi:/kuvat/Assembly Winter 2012/Tuomas Siitonen/_MG_2916.jpg|title:_MG_2916.jpg
author:Tuomas Siitonen|galleriafi:/kuvat/Assembly Winter 2012/Tuomas Siitonen/_MG_2921.jpg|title:_MG_2921.jpg
author:Tuomas Siitonen|galleriafi:/kuvat/Assembly Winter 2012/Tuomas Siitonen/_MG_2924.jpg|title:_MG_2924.jpg
author:Tuomas Siitonen|galleriafi:/kuvat/Assembly Winter 2012/Tuomas Siitonen/_MG_2935.jpg|title:_MG_2935.jpg
author:Tuomas Siitonen|galleriafi:/kuvat/Assembly Winter 2012/Tuomas Siitonen/_MG_2940.jpg|title:_MG_2940.jpg
author:Tuomas Siitonen|galleriafi:/kuvat/Assembly Winter 2012/Tuomas Siitonen/_MG_2946.jpg|title:_MG_2946.jpg
author:Tuomas Siitonen|galleriafi:/kuvat/Assembly Winter 2012/Tuomas Siitonen/_MG_2951.jpg|title:_MG_2951.jpg
author:Tuomas Siitonen|galleriafi:/kuvat/Assembly Winter 2012/Tuomas Siitonen/_MG_2958.jpg|title:_MG_2958.jpg
author:Tuomas Siitonen|galleriafi:/kuvat/Assembly Winter 2012/Tuomas Siitonen/_MG_2961.jpg|title:_MG_2961.jpg
author:Tuomas Siitonen|galleriafi:/kuvat/Assembly Winter 2012/Tuomas Siitonen/_MG_2980.jpg|title:_MG_2980.jpg
author:Tuomas Siitonen|galleriafi:/kuvat/Assembly Winter 2012/Tuomas Siitonen/_MG_2984.jpg|title:_MG_2984.jpg
author:Tuomas Siitonen|galleriafi:/kuvat/Assembly Winter 2012/Tuomas Siitonen/_MG_2985.jpg|title:_MG_2985.jpg
author:Tuomas Siitonen|galleriafi:/kuvat/Assembly Winter 2012/Tuomas Siitonen/_MG_2988.jpg|title:_MG_2988.jpg
author:Tuomas Siitonen|galleriafi:/kuvat/Assembly Winter 2012/Tuomas Siitonen/_MG_2989.jpg|title:_MG_2989.jpg
author:Tuomas Siitonen|galleriafi:/kuvat/Assembly Winter 2012/Tuomas Siitonen/_MG_2993.jpg|title:_MG_2993.jpg
author:Tuomas Siitonen|galleriafi:/kuvat/Assembly Winter 2012/Tuomas Siitonen/_MG_2998.jpg|title:_MG_2998.jpg
author:Tuomas Siitonen|galleriafi:/kuvat/Assembly Winter 2012/Tuomas Siitonen/_MG_3000.jpg|title:_MG_3000.jpg
author:Tuomas Siitonen|galleriafi:/kuvat/Assembly Winter 2012/Tuomas Siitonen/_MG_3013.jpg|title:_MG_3013.jpg
author:Tuomas Siitonen|galleriafi:/kuvat/Assembly Winter 2012/Tuomas Siitonen/_MG_3021.jpg|title:_MG_3021.jpg
author:Tuomas Siitonen|galleriafi:/kuvat/Assembly Winter 2012/Tuomas Siitonen/_MG_3031.jpg|title:_MG_3031.jpg
author:Tuomas Siitonen|galleriafi:/kuvat/Assembly Winter 2012/Tuomas Siitonen/_MG_3034.jpg|title:_MG_3034.jpg
author:Tuomas Siitonen|galleriafi:/kuvat/Assembly Winter 2012/Tuomas Siitonen/_MG_3038.jpg|title:_MG_3038.jpg
author:Tuomas Siitonen|galleriafi:/kuvat/Assembly Winter 2012/Tuomas Siitonen/_MG_3045.jpg|title:_MG_3045.jpg
author:Tuomas Siitonen|galleriafi:/kuvat/Assembly Winter 2012/Tuomas Siitonen/_MG_3046.jpg|title:_MG_3046.jpg
author:Tuomas Siitonen|galleriafi:/kuvat/Assembly Winter 2012/Tuomas Siitonen/_MG_3053.jpg|title:_MG_3053.jpg
author:Tuomas Siitonen|galleriafi:/kuvat/Assembly Winter 2012/Tuomas Siitonen/_MG_3068.jpg|title:_MG_3068.jpg
author:Tuomas Siitonen|galleriafi:/kuvat/Assembly Winter 2012/Tuomas Siitonen/_MG_3085.jpg|title:_MG_3085.jpg
author:Tuomas Siitonen|galleriafi:/kuvat/Assembly Winter 2012/Tuomas Siitonen/_MG_3093.jpg|title:_MG_3093.jpg
author:Tuomas Siitonen|galleriafi:/kuvat/Assembly Winter 2012/Tuomas Siitonen/_MG_3095.jpg|title:_MG_3095.jpg
author:Tuomas Siitonen|galleriafi:/kuvat/Assembly Winter 2012/Tuomas Siitonen/_MG_3105.jpg|title:_MG_3105.jpg
author:Tuomas Siitonen|galleriafi:/kuvat/Assembly Winter 2012/Tuomas Siitonen/_MG_3116.jpg|title:_MG_3116.jpg
author:Tuomas Siitonen|galleriafi:/kuvat/Assembly Winter 2012/Tuomas Siitonen/_MG_3120.jpg|title:_MG_3120.jpg
author:Tuomas Siitonen|galleriafi:/kuvat/Assembly Winter 2012/Tuomas Siitonen/_MG_3128.jpg|title:_MG_3128.jpg
author:Tuomas Siitonen|galleriafi:/kuvat/Assembly Winter 2012/Tuomas Siitonen/_MG_3153.jpg|title:_MG_3153.jpg
author:Tuomas Siitonen|galleriafi:/kuvat/Assembly Winter 2012/Tuomas Siitonen/_MG_3161.jpg|title:_MG_3161.jpg
author:Tuomas Siitonen|galleriafi:/kuvat/Assembly Winter 2012/Tuomas Siitonen/_MG_3173.jpg|title:_MG_3173.jpg
author:Tuomas Siitonen|galleriafi:/kuvat/Assembly Winter 2012/Tuomas Siitonen/_MG_3175.jpg|title:_MG_3175.jpg
author:Tuomas Siitonen|galleriafi:/kuvat/Assembly Winter 2012/Tuomas Siitonen/_MG_3177.jpg|title:_MG_3177.jpg
author:Tuomas Siitonen|galleriafi:/kuvat/Assembly Winter 2012/Tuomas Siitonen/_MG_3191.jpg|title:_MG_3191.jpg
author:Tuomas Siitonen|galleriafi:/kuvat/Assembly Winter 2012/Tuomas Siitonen/_MG_3192.jpg|title:_MG_3192.jpg
author:Tuomas Siitonen|galleriafi:/kuvat/Assembly Winter 2012/Tuomas Siitonen/_MG_3198.jpg|title:_MG_3198.jpg
author:Tuomas Siitonen|galleriafi:/kuvat/Assembly Winter 2012/Tuomas Siitonen/_MG_3199.jpg|title:_MG_3199.jpg
author:Tuomas Siitonen|galleriafi:/kuvat/Assembly Winter 2012/Tuomas Siitonen/_MG_3200.jpg|title:_MG_3200.jpg
author:Tuomas Siitonen|galleriafi:/kuvat/Assembly Winter 2012/Tuomas Siitonen/_MG_3214.jpg|title:_MG_3214.jpg
author:Tuomas Siitonen|galleriafi:/kuvat/Assembly Winter 2012/Tuomas Siitonen/_MG_3220.jpg|title:_MG_3220.jpg
author:Tuomas Siitonen|galleriafi:/kuvat/Assembly Winter 2012/Tuomas Siitonen/_MG_3223.jpg|title:_MG_3223.jpg
author:Tuomas Siitonen|galleriafi:/kuvat/Assembly Winter 2012/Tuomas Siitonen/_MG_3225.jpg|title:_MG_3225.jpg
author:Tuomas Siitonen|galleriafi:/kuvat/Assembly Winter 2012/Tuomas Siitonen/_MG_3232.jpg|title:_MG_3232.jpg
author:Tuomas Siitonen|galleriafi:/kuvat/Assembly Winter 2012/Tuomas Siitonen/_MG_3236.jpg|title:_MG_3236.jpg
author:Tuomas Siitonen|galleriafi:/kuvat/Assembly Winter 2012/Tuomas Siitonen/_MG_3238.jpg|title:_MG_3238.jpg
author:Tuomas Siitonen|galleriafi:/kuvat/Assembly Winter 2012/Tuomas Siitonen/_MG_3240.jpg|title:_MG_3240.jpg
author:Tuomas Siitonen|galleriafi:/kuvat/Assembly Winter 2012/Tuomas Siitonen/_MG_3246.jpg|title:_MG_3246.jpg
author:Tuomas Siitonen|galleriafi:/kuvat/Assembly Winter 2012/Tuomas Siitonen/_MG_3251.jpg|title:_MG_3251.jpg
author:Tuomas Siitonen|galleriafi:/kuvat/Assembly Winter 2012/Tuomas Siitonen/_MG_3271.jpg|title:_MG_3271.jpg
author:Tuomas Siitonen|galleriafi:/kuvat/Assembly Winter 2012/Tuomas Siitonen/_MG_3280.jpg|title:_MG_3280.jpg
author:Tuomas Siitonen|galleriafi:/kuvat/Assembly Winter 2012/Tuomas Siitonen/_MG_3283.jpg|title:_MG_3283.jpg
author:Tuomas Siitonen|galleriafi:/kuvat/Assembly Winter 2012/Tuomas Siitonen/_MG_3288.jpg|title:_MG_3288.jpg
author:Tuomas Siitonen|galleriafi:/kuvat/Assembly Winter 2012/Tuomas Siitonen/_MG_3294.jpg|title:_MG_3294.jpg
author:Tuomas Siitonen|galleriafi:/kuvat/Assembly Winter 2012/Tuomas Siitonen/_MG_3297.jpg|title:_MG_3297.jpg
author:Tuomas Siitonen|galleriafi:/kuvat/Assembly Winter 2012/Tuomas Siitonen/_MG_3316.jpg|title:_MG_3316.jpg
author:Tuomas Siitonen|galleriafi:/kuvat/Assembly Winter 2012/Tuomas Siitonen/_MG_3332.jpg|title:_MG_3332.jpg
author:Tuomas Siitonen|galleriafi:/kuvat/Assembly Winter 2012/Tuomas Siitonen/_MG_3335.jpg|title:_MG_3335.jpg
author:Tuomas Siitonen|galleriafi:/kuvat/Assembly Winter 2012/Tuomas Siitonen/_MG_3336.jpg|title:_MG_3336.jpg
author:Tuomas Siitonen|galleriafi:/kuvat/Assembly Winter 2012/Tuomas Siitonen/_MG_3353.jpg|title:_MG_3353.jpg
author:Tuomas Siitonen|galleriafi:/kuvat/Assembly Winter 2012/Tuomas Siitonen/_MG_3371.jpg|title:_MG_3371.jpg
author:Tuomas Siitonen|galleriafi:/kuvat/Assembly Winter 2012/Tuomas Siitonen/_MG_3377.jpg|title:_MG_3377.jpg
author:Tuomas Siitonen|galleriafi:/kuvat/Assembly Winter 2012/Tuomas Siitonen/_MG_3380.jpg|title:_MG_3380.jpg
author:Tuomas Siitonen|galleriafi:/kuvat/Assembly Winter 2012/Tuomas Siitonen/_MG_3383.jpg|title:_MG_3383.jpg
author:Tuomas Siitonen|galleriafi:/kuvat/Assembly Winter 2012/Tuomas Siitonen/_MG_3391.jpg|title:_MG_3391.jpg
author:Tuomas Siitonen|galleriafi:/kuvat/Assembly Winter 2012/Tuomas Siitonen/_MG_3393.jpg|title:_MG_3393.jpg
author:Tuomas Siitonen|galleriafi:/kuvat/Assembly Winter 2012/Tuomas Siitonen/_MG_3395.jpg|title:_MG_3395.jpg
author:Tuomas Siitonen|galleriafi:/kuvat/Assembly Winter 2012/Tuomas Siitonen/_MG_3397.jpg|title:_MG_3397.jpg
author:Tuomas Siitonen|galleriafi:/kuvat/Assembly Winter 2012/Tuomas Siitonen/_MG_3405.jpg|title:_MG_3405.jpg
author:Tuomas Siitonen|galleriafi:/kuvat/Assembly Winter 2012/Tuomas Siitonen/_MG_3407.jpg|title:_MG_3407.jpg
author:Tuomas Siitonen|galleriafi:/kuvat/Assembly Winter 2012/Tuomas Siitonen/_MG_3412.jpg|title:_MG_3412.jpg
author:Tuomas Siitonen|galleriafi:/kuvat/Assembly Winter 2012/Tuomas Siitonen/_MG_3414.jpg|title:_MG_3414.jpg
author:Tuomas Siitonen|galleriafi:/kuvat/Assembly Winter 2012/Tuomas Siitonen/_MG_3417.jpg|title:_MG_3417.jpg
author:Tuomas Siitonen|galleriafi:/kuvat/Assembly Winter 2012/Tuomas Siitonen/_MG_3428.jpg|title:_MG_3428.jpg
author:Tuomas Siitonen|galleriafi:/kuvat/Assembly Winter 2012/Tuomas Siitonen/_MG_3435.jpg|title:_MG_3435.jpg
author:Tuomas Siitonen|galleriafi:/kuvat/Assembly Winter 2012/Tuomas Siitonen/_MG_3437.jpg|title:_MG_3437.jpg
author:Tuomas Siitonen|galleriafi:/kuvat/Assembly Winter 2012/Tuomas Siitonen/_MG_3440.jpg|title:_MG_3440.jpg
author:Tuomas Siitonen|galleriafi:/kuvat/Assembly Winter 2012/Tuomas Siitonen/_MG_3450.jpg|title:_MG_3450.jpg
author:Tuomas Siitonen|galleriafi:/kuvat/Assembly Winter 2012/Tuomas Siitonen/_MG_3456.jpg|title:_MG_3456.jpg
author:Tuomas Siitonen|galleriafi:/kuvat/Assembly Winter 2012/Tuomas Siitonen/_MG_3460.jpg|title:_MG_3460.jpg
author:Tuomas Siitonen|galleriafi:/kuvat/Assembly Winter 2012/Tuomas Siitonen/_MG_3465.jpg|title:_MG_3465.jpg
author:Tuomas Siitonen|galleriafi:/kuvat/Assembly Winter 2012/Tuomas Siitonen/_MG_3467.jpg|title:_MG_3467.jpg
author:Tuomas Siitonen|galleriafi:/kuvat/Assembly Winter 2012/Tuomas Siitonen/_MG_3469.jpg|title:_MG_3469.jpg
author:Tuomas Siitonen|galleriafi:/kuvat/Assembly Winter 2012/Tuomas Siitonen/_MG_3474.jpg|title:_MG_3474.jpg
author:Tuomas Siitonen|galleriafi:/kuvat/Assembly Winter 2012/Tuomas Siitonen/_MG_3478.jpg|title:_MG_3478.jpg
author:Tuomas Siitonen|galleriafi:/kuvat/Assembly Winter 2012/Tuomas Siitonen/_MG_3495.jpg|title:_MG_3495.jpg
author:Tuomas Siitonen|galleriafi:/kuvat/Assembly Winter 2012/Tuomas Siitonen/_MG_3498.jpg|title:_MG_3498.jpg
author:Tuomas Siitonen|galleriafi:/kuvat/Assembly Winter 2012/Tuomas Siitonen/_MG_3550.jpg|title:_MG_3550.jpg
author:Tuomas Siitonen|galleriafi:/kuvat/Assembly Winter 2012/Tuomas Siitonen/_MG_3561.jpg|title:_MG_3561.jpg
author:Tuomas Siitonen|galleriafi:/kuvat/Assembly Winter 2012/Tuomas Siitonen/_MG_3565.jpg|title:_MG_3565.jpg
author:Tuomas Siitonen|galleriafi:/kuvat/Assembly Winter 2012/Tuomas Siitonen/_MG_3570.jpg|title:_MG_3570.jpg
author:Tuomas Siitonen|galleriafi:/kuvat/Assembly Winter 2012/Tuomas Siitonen/_MG_3579.jpg|title:_MG_3579.jpg
author:Tuomas Siitonen|galleriafi:/kuvat/Assembly Winter 2012/Tuomas Siitonen/_MG_3590.jpg|title:_MG_3590.jpg
author:Tuomas Siitonen|galleriafi:/kuvat/Assembly Winter 2012/Tuomas Siitonen/_MG_3606.jpg|title:_MG_3606.jpg
author:Tuomas Siitonen|galleriafi:/kuvat/Assembly Winter 2012/Tuomas Siitonen/_MG_3613.jpg|title:_MG_3613.jpg
author:Tuomas Siitonen|galleriafi:/kuvat/Assembly Winter 2012/Tuomas Siitonen/_MG_3624.jpg|title:_MG_3624.jpg
author:Tuomas Siitonen|galleriafi:/kuvat/Assembly Winter 2012/Tuomas Siitonen/_MG_3643.jpg|title:_MG_3643.jpg
author:Tuomas Siitonen|galleriafi:/kuvat/Assembly Winter 2012/Tuomas Siitonen/_MG_3664.jpg|title:_MG_3664.jpg
author:Tuomas Siitonen|galleriafi:/kuvat/Assembly Winter 2012/Tuomas Siitonen/_MG_3683.jpg|title:_MG_3683.jpg
author:Tuomas Siitonen|galleriafi:/kuvat/Assembly Winter 2012/Tuomas Siitonen/_MG_3691.jpg|title:_MG_3691.jpg
author:Tuomas Siitonen|galleriafi:/kuvat/Assembly Winter 2012/Tuomas Siitonen/_MG_3699.jpg|title:_MG_3699.jpg
author:Tuomas Siitonen|galleriafi:/kuvat/Assembly Winter 2012/Tuomas Siitonen/_MG_3705.jpg|title:_MG_3705.jpg
author:Tuomas Siitonen|galleriafi:/kuvat/Assembly Winter 2012/Tuomas Siitonen/_MG_3712.jpg|title:_MG_3712.jpg
author:Tuomas Siitonen|galleriafi:/kuvat/Assembly Winter 2012/Tuomas Siitonen/_MG_3726.jpg|title:_MG_3726.jpg
author:Tuomas Siitonen|galleriafi:/kuvat/Assembly Winter 2012/Tuomas Siitonen/_MG_3729.jpg|title:_MG_3729.jpg
author:Tuomas Siitonen|galleriafi:/kuvat/Assembly Winter 2012/Tuomas Siitonen/_MG_3734.jpg|title:_MG_3734.jpg
author:Tuomas Siitonen|galleriafi:/kuvat/Assembly Winter 2012/Tuomas Siitonen/_MG_3752.jpg|title:_MG_3752.jpg
author:Tuomas Siitonen|galleriafi:/kuvat/Assembly Winter 2012/Tuomas Siitonen/_MG_3761.jpg|title:_MG_3761.jpg
author:Tuomas Siitonen|galleriafi:/kuvat/Assembly Winter 2012/Tuomas Siitonen/_MG_3773.jpg|title:_MG_3773.jpg
author:Tuomas Siitonen|galleriafi:/kuvat/Assembly Winter 2012/Tuomas Siitonen/_MG_3800.jpg|title:_MG_3800.jpg
author:Tuomas Siitonen|galleriafi:/kuvat/Assembly Winter 2012/Tuomas Siitonen/_MG_3817.jpg|title:_MG_3817.jpg
author:Tuomas Siitonen|galleriafi:/kuvat/Assembly Winter 2012/Tuomas Siitonen/_MG_3824.jpg|title:_MG_3824.jpg
author:Tuomas Siitonen|galleriafi:/kuvat/Assembly Winter 2012/Tuomas Siitonen/_MG_3829.jpg|title:_MG_3829.jpg
author:Tuomas Siitonen|galleriafi:/kuvat/Assembly Winter 2012/Tuomas Siitonen/_MG_3835.jpg|title:_MG_3835.jpg
author:Tuomas Siitonen|galleriafi:/kuvat/Assembly Winter 2012/Tuomas Siitonen/_MG_3837.jpg|title:_MG_3837.jpg
author:Tuomas Siitonen|galleriafi:/kuvat/Assembly Winter 2012/Tuomas Siitonen/_MG_3840.jpg|title:_MG_3840.jpg
author:Tuomas Siitonen|galleriafi:/kuvat/Assembly Winter 2012/Tuomas Siitonen/_MG_3853.jpg|title:_MG_3853.jpg
author:Tuomas Siitonen|galleriafi:/kuvat/Assembly Winter 2012/Tuomas Siitonen/_MG_3858.jpg|title:_MG_3858.jpg
author:Tuomas Siitonen|galleriafi:/kuvat/Assembly Winter 2012/Tuomas Siitonen/_MG_3863.jpg|title:_MG_3863.jpg
author:Tuomas Siitonen|galleriafi:/kuvat/Assembly Winter 2012/Tuomas Siitonen/_MG_3867.jpg|title:_MG_3867.jpg
author:Tuomas Siitonen|galleriafi:/kuvat/Assembly Winter 2012/Tuomas Siitonen/_MG_3871.jpg|title:_MG_3871.jpg
author:Tuomas Siitonen|galleriafi:/kuvat/Assembly Winter 2012/Tuomas Siitonen/_MG_3885.jpg|title:_MG_3885.jpg
author:Tuomas Siitonen|galleriafi:/kuvat/Assembly Winter 2012/Tuomas Siitonen/_MG_3887.jpg|title:_MG_3887.jpg
author:Tuomas Siitonen|galleriafi:/kuvat/Assembly Winter 2012/Tuomas Siitonen/_MG_3914.jpg|title:_MG_3914.jpg
author:Tuomas Siitonen|galleriafi:/kuvat/Assembly Winter 2012/Tuomas Siitonen/_MG_3916.jpg|title:_MG_3916.jpg
author:Tuomas Siitonen|galleriafi:/kuvat/Assembly Winter 2012/Tuomas Siitonen/_MG_3919.jpg|title:_MG_3919.jpg
author:Tuomas Siitonen|galleriafi:/kuvat/Assembly Winter 2012/Tuomas Siitonen/_MG_3922.jpg|title:_MG_3922.jpg
author:Tuomas Siitonen|galleriafi:/kuvat/Assembly Winter 2012/Tuomas Siitonen/_MG_3925.jpg|title:_MG_3925.jpg
author:Tuomas Siitonen|galleriafi:/kuvat/Assembly Winter 2012/Tuomas Siitonen/_MG_3928.jpg|title:_MG_3928.jpg
author:Tuomas Siitonen|galleriafi:/kuvat/Assembly Winter 2012/Tuomas Siitonen/_MG_3933.jpg|title:_MG_3933.jpg
author:Tuomas Siitonen|galleriafi:/kuvat/Assembly Winter 2012/Tuomas Siitonen/_MG_3935.jpg|title:_MG_3935.jpg
author:Tuomas Siitonen|galleriafi:/kuvat/Assembly Winter 2012/Tuomas Siitonen/_MG_3936.jpg|title:_MG_3936.jpg
author:Tuomas Siitonen|galleriafi:/kuvat/Assembly Winter 2012/Tuomas Siitonen/_MG_3939.jpg|title:_MG_3939.jpg
author:Tuomas Siitonen|galleriafi:/kuvat/Assembly Winter 2012/Tuomas Siitonen/_MG_3953.jpg|title:_MG_3953.jpg
author:Tuomas Siitonen|galleriafi:/kuvat/Assembly Winter 2012/Tuomas Siitonen/_MG_3958.jpg|title:_MG_3958.jpg
author:Tuomas Siitonen|galleriafi:/kuvat/Assembly Winter 2012/Tuomas Siitonen/_MG_3964.jpg|title:_MG_3964.jpg
author:Tuomas Siitonen|galleriafi:/kuvat/Assembly Winter 2012/Tuomas Siitonen/_MG_3967.jpg|title:_MG_3967.jpg
author:Tuomas Siitonen|galleriafi:/kuvat/Assembly Winter 2012/Tuomas Siitonen/_MG_3972.jpg|title:_MG_3972.jpg
author:Tuomas Siitonen|galleriafi:/kuvat/Assembly Winter 2012/Tuomas Siitonen/_MG_3977.jpg|title:_MG_3977.jpg
author:Tuomas Siitonen|galleriafi:/kuvat/Assembly Winter 2012/Tuomas Siitonen/_MG_3988.jpg|title:_MG_3988.jpg
author:Tuomas Siitonen|galleriafi:/kuvat/Assembly Winter 2012/Tuomas Siitonen/_MG_3999.jpg|title:_MG_3999.jpg
author:Tuomas Siitonen|galleriafi:/kuvat/Assembly Winter 2012/Tuomas Siitonen/_MG_4005.jpg|title:_MG_4005.jpg
author:Tuomas Siitonen|galleriafi:/kuvat/Assembly Winter 2012/Tuomas Siitonen/_MG_4016.jpg|title:_MG_4016.jpg

